test1001,testaws8357
test1002,testaws8357
test1003,testaws8357
test1004,testaws8357
test1005,testaws8357
test1006,testaws8357
test1007,testaws8357
test1008,testaws8357
test1009,testaws8357
test1010,testaws8357
test1011,testaws8357
test1012,testaws8357
test1013,testaws8357
test1014,testaws8357
test1015,testaws8357
test1016,testaws8357
test1017,testaws8357
test1018,testaws8357
test1019,testaws8357
test1020,testaws8357
test1021,testaws8357
test1022,testaws8357
test1023,testaws8357
test1024,testaws8357
test1025,testaws8357
test1026,testaws8357
test1027,testaws8357
test1028,testaws8357
test1029,testaws8357
test1030,testaws8357
test1031,testaws8357
test1032,testaws8357
test1033,testaws8357
test1034,testaws8357
test1035,testaws8357
test1036,testaws8357
test1037,testaws8357
test1038,testaws8357
test1039,testaws8357
test1040,testaws8357
test1041,testaws8357
test1042,testaws8357
test1043,testaws8357
test1044,testaws8357
test1045,testaws8357
test1046,testaws8357
test1047,testaws8357
test1048,testaws8357
test1049,testaws8357
test1050,testaws8357
test1051,testaws8357
test1052,testaws8357
test1053,testaws8357
test1054,testaws8357
test1055,testaws8357
test1056,testaws8357
test1057,testaws8357
test1058,testaws8357
test1059,testaws8357
test1060,testaws8357
test1061,testaws8357
test1062,testaws8357
test1063,testaws8357
test1064,testaws8357
test1065,testaws8357
test1066,testaws8357
test1067,testaws8357
test1068,testaws8357
test1069,testaws8357
test1070,testaws8357
test1071,testaws8357
test1072,testaws8357
test1073,testaws8357
test1074,testaws8357
test1075,testaws8357
test1076,testaws8357
test1077,testaws8357
test1078,testaws8357
test1079,testaws8357
test1080,testaws8357
test1081,testaws8357
test1082,testaws8357
test1083,testaws8357
test1084,testaws8357
test1085,testaws8357
test1086,testaws8357
test1087,testaws8357
test1088,testaws8357
test1089,testaws8357
test1090,testaws8357
test1091,testaws8357
test1092,testaws8357
test1093,testaws8357
test1094,testaws8357
test1095,testaws8357
test1096,testaws8357
test1097,testaws8357
test1098,testaws8357
test1099,testaws8357
test1100,testaws8357
test1101,testaws8357
test1102,testaws8357
test1103,testaws8357
test1104,testaws8357
test1105,testaws8357
test1106,testaws8357
test1107,testaws8357
test1108,testaws8357
test1109,testaws8357
test1110,testaws8357
test1111,testaws8357
test1112,testaws8357
test1113,testaws8357
test1114,testaws8357
test1115,testaws8357
test1116,testaws8357
test1117,testaws8357
test1118,testaws8357
test1119,testaws8357
test1120,testaws8357
test1121,testaws8357
test1122,testaws8357
test1123,testaws8357
test1124,testaws8357
test1125,testaws8357
test1126,testaws8357
test1127,testaws8357
test1128,testaws8357
test1129,testaws8357
test1130,testaws8357
test1131,testaws8357
test1132,testaws8357
test1133,testaws8357
test1134,testaws8357
test1135,testaws8357
test1136,testaws8357
test1137,testaws8357
test1138,testaws8357
test1139,testaws8357
test1140,testaws8357
test1141,testaws8357
test1142,testaws8357
test1143,testaws8357
test1144,testaws8357
test1145,testaws8357
test1146,testaws8357
test1147,testaws8357
test1148,testaws8357
test1149,testaws8357
test1150,testaws8357
test1151,testaws8357
test1152,testaws8357
test1153,testaws8357
test1154,testaws8357
test1155,testaws8357
test1156,testaws8357
test1157,testaws8357
test1158,testaws8357
test1159,testaws8357
test1160,testaws8357
test1161,testaws8357
test1162,testaws8357
test1163,testaws8357
test1164,testaws8357
test1165,testaws8357
test1166,testaws8357
test1167,testaws8357
test1168,testaws8357
test1169,testaws8357
test1170,testaws8357
test1171,testaws8357
test1172,testaws8357
test1173,testaws8357
test1174,testaws8357
test1175,testaws8357
test1176,testaws8357
test1177,testaws8357
test1178,testaws8357
test1179,testaws8357
test1180,testaws8357
test1181,testaws8357
test1182,testaws8357
test1183,testaws8357
test1184,testaws8357
test1185,testaws8357
test1186,testaws8357
test1187,testaws8357
test1188,testaws8357
test1189,testaws8357
test1190,testaws8357
test1191,testaws8357
test1192,testaws8357
test1193,testaws8357
test1194,testaws8357
test1195,testaws8357
test1196,testaws8357
test1197,testaws8357
test1198,testaws8357
test1199,testaws8357
test1200,testaws8357
test1201,testaws8357
test1202,testaws8357
test1203,testaws8357
test1204,testaws8357
test1205,testaws8357
test1206,testaws8357
test1207,testaws8357
test1208,testaws8357
test1209,testaws8357
test1210,testaws8357
test1211,testaws8357
test1212,testaws8357
test1213,testaws8357
test1214,testaws8357
test1215,testaws8357
test1216,testaws8357
test1217,testaws8357
test1218,testaws8357
test1219,testaws8357
test1220,testaws8357
test1221,testaws8357
test1222,testaws8357
test1223,testaws8357
test1224,testaws8357
test1225,testaws8357
test1226,testaws8357
test1227,testaws8357
test1228,testaws8357
test1229,testaws8357
test1230,testaws8357
test1231,testaws8357
test1232,testaws8357
test1233,testaws8357
test1234,testaws8357
test1235,testaws8357
test1236,testaws8357
test1237,testaws8357
test1238,testaws8357
test1239,testaws8357
test1240,testaws8357
test1241,testaws8357
test1242,testaws8357
test1243,testaws8357
test1244,testaws8357
test1245,testaws8357
test1246,testaws8357
test1247,testaws8357
test1248,testaws8357
test1249,testaws8357
test1250,testaws8357
test1251,testaws8357
test1252,testaws8357
test1253,testaws8357
test1254,testaws8357
test1255,testaws8357
test1256,testaws8357
test1257,testaws8357
test1258,testaws8357
test1259,testaws8357
test1260,testaws8357
test1261,testaws8357
test1262,testaws8357
test1263,testaws8357
test1264,testaws8357
test1265,testaws8357
test1266,testaws8357
test1267,testaws8357
test1268,testaws8357
test1269,testaws8357
test1270,testaws8357
test1271,testaws8357
test1272,testaws8357
test1273,testaws8357
test1274,testaws8357
test1275,testaws8357
test1276,testaws8357
test1277,testaws8357
test1278,testaws8357
test1279,testaws8357
test1280,testaws8357
test1281,testaws8357
test1282,testaws8357
test1283,testaws8357
test1284,testaws8357
test1285,testaws8357
test1286,testaws8357
test1287,testaws8357
test1288,testaws8357
test1289,testaws8357
test1290,testaws8357
test1291,testaws8357
test1292,testaws8357
test1293,testaws8357
test1294,testaws8357
test1295,testaws8357
test1296,testaws8357
test1297,testaws8357
test1298,testaws8357
test1299,testaws8357
test1300,testaws8357
test1301,testaws8357
test1302,testaws8357
test1303,testaws8357
test1304,testaws8357
test1305,testaws8357
test1306,testaws8357
test1307,testaws8357
test1308,testaws8357
test1309,testaws8357
test1310,testaws8357
test1311,testaws8357
test1312,testaws8357
test1313,testaws8357
test1314,testaws8357
test1315,testaws8357
test1316,testaws8357
test1317,testaws8357
test1318,testaws8357
test1319,testaws8357
test1320,testaws8357
test1321,testaws8357
test1322,testaws8357
test1323,testaws8357
test1324,testaws8357
test1325,testaws8357
test1326,testaws8357
test1327,testaws8357
test1328,testaws8357
test1329,testaws8357
test1330,testaws8357
test1331,testaws8357
test1332,testaws8357
test1333,testaws8357
test1334,testaws8357
test1335,testaws8357
test1336,testaws8357
test1337,testaws8357
test1338,testaws8357
test1339,testaws8357
test1340,testaws8357
test1341,testaws8357
test1342,testaws8357
test1343,testaws8357
test1344,testaws8357
test1345,testaws8357
test1346,testaws8357
test1347,testaws8357
test1348,testaws8357
test1349,testaws8357
test1350,testaws8357
test1351,testaws8357
test1352,testaws8357
test1353,testaws8357
test1354,testaws8357
test1355,testaws8357
test1356,testaws8357
test1357,testaws8357
test1358,testaws8357
test1359,testaws8357
test1360,testaws8357
test1361,testaws8357
test1362,testaws8357
test1363,testaws8357
test1364,testaws8357
test1365,testaws8357
test1366,testaws8357
test1367,testaws8357
test1368,testaws8357
test1369,testaws8357
test1370,testaws8357
test1371,testaws8357
test1372,testaws8357
test1373,testaws8357
test1374,testaws8357
test1375,testaws8357
test1376,testaws8357
test1377,testaws8357
test1378,testaws8357
test1379,testaws8357
test1380,testaws8357
test1381,testaws8357
test1382,testaws8357
test1383,testaws8357
test1384,testaws8357
test1385,testaws8357
test1386,testaws8357
test1387,testaws8357
test1388,testaws8357
test1389,testaws8357
test1390,testaws8357
test1391,testaws8357
test1392,testaws8357
test1393,testaws8357
test1394,testaws8357
test1395,testaws8357
test1396,testaws8357
test1397,testaws8357
test1398,testaws8357
test1399,testaws8357
test1400,testaws8357
test1401,testaws8357
test1402,testaws8357
test1403,testaws8357
test1404,testaws8357
test1405,testaws8357
test1406,testaws8357
test1407,testaws8357
test1408,testaws8357
test1409,testaws8357
test1410,testaws8357
test1411,testaws8357
test1412,testaws8357
test1413,testaws8357
test1414,testaws8357
test1415,testaws8357
test1416,testaws8357
test1417,testaws8357
test1418,testaws8357
test1419,testaws8357
test1420,testaws8357
test1421,testaws8357
test1422,testaws8357
test1423,testaws8357
test1424,testaws8357
test1425,testaws8357
test1426,testaws8357
test1427,testaws8357
test1428,testaws8357
test1429,testaws8357
test1430,testaws8357
test1431,testaws8357
test1432,testaws8357
test1433,testaws8357
test1434,testaws8357
test1435,testaws8357
test1436,testaws8357
test1437,testaws8357
test1438,testaws8357
test1439,testaws8357
test1440,testaws8357
test1441,testaws8357
test1442,testaws8357
test1443,testaws8357
test1444,testaws8357
test1445,testaws8357
test1446,testaws8357
test1447,testaws8357
test1448,testaws8357
test1449,testaws8357
test1450,testaws8357
test1451,testaws8357
test1452,testaws8357
test1453,testaws8357
test1454,testaws8357
test1455,testaws8357
test1456,testaws8357
test1457,testaws8357
test1458,testaws8357
test1459,testaws8357
test1460,testaws8357
test1461,testaws8357
test1462,testaws8357
test1463,testaws8357
test1464,testaws8357
test1465,testaws8357
test1466,testaws8357
test1467,testaws8357
test1468,testaws8357
test1469,testaws8357
test1470,testaws8357
test1471,testaws8357
test1472,testaws8357
test1473,testaws8357
test1474,testaws8357
test1475,testaws8357
test1476,testaws8357
test1477,testaws8357
test1478,testaws8357
test1479,testaws8357
test1480,testaws8357
test1481,testaws8357
test1482,testaws8357
test1483,testaws8357
test1484,testaws8357
test1485,testaws8357
test1486,testaws8357
test1487,testaws8357
test1488,testaws8357
test1489,testaws8357
test1490,testaws8357
test1491,testaws8357
test1492,testaws8357
test1493,testaws8357
test1494,testaws8357
test1495,testaws8357
test1496,testaws8357
test1497,testaws8357
test1498,testaws8357
test1499,testaws8357
test1500,testaws8357
test1501,testaws8357
test1502,testaws8357
test1503,testaws8357
test1504,testaws8357
test1505,testaws8357
test1506,testaws8357
test1507,testaws8357
test1508,testaws8357
test1509,testaws8357
test1510,testaws8357
test1511,testaws8357
test1512,testaws8357
test1513,testaws8357
test1514,testaws8357
test1515,testaws8357
test1516,testaws8357
test1517,testaws8357
test1518,testaws8357
test1519,testaws8357
test1520,testaws8357
test1521,testaws8357
test1522,testaws8357
test1523,testaws8357
test1524,testaws8357
test1525,testaws8357
test1526,testaws8357
test1527,testaws8357
test1528,testaws8357
test1529,testaws8357
test1530,testaws8357
test1531,testaws8357
test1532,testaws8357
test1533,testaws8357
test1534,testaws8357
test1535,testaws8357
test1536,testaws8357
test1537,testaws8357
test1538,testaws8357
test1539,testaws8357
test1540,testaws8357
test1541,testaws8357
test1542,testaws8357
test1543,testaws8357
test1544,testaws8357
test1545,testaws8357
test1546,testaws8357
test1547,testaws8357
test1548,testaws8357
test1549,testaws8357
test1550,testaws8357
test1551,testaws8357
test1552,testaws8357
test1553,testaws8357
test1554,testaws8357
test1555,testaws8357
test1556,testaws8357
test1557,testaws8357
test1558,testaws8357
test1559,testaws8357
test1560,testaws8357
test1561,testaws8357
test1562,testaws8357
test1563,testaws8357
test1564,testaws8357
test1565,testaws8357
test1566,testaws8357
test1567,testaws8357
test1568,testaws8357
test1569,testaws8357
test1570,testaws8357
test1571,testaws8357
test1572,testaws8357
test1573,testaws8357
test1574,testaws8357
test1575,testaws8357
test1576,testaws8357
test1577,testaws8357
test1578,testaws8357
test1579,testaws8357
test1580,testaws8357
test1581,testaws8357
test1582,testaws8357
test1583,testaws8357
test1584,testaws8357
test1585,testaws8357
test1586,testaws8357
test1587,testaws8357
test1588,testaws8357
test1589,testaws8357
test1590,testaws8357
test1591,testaws8357
test1592,testaws8357
test1593,testaws8357
test1594,testaws8357
test1595,testaws8357
test1596,testaws8357
test1597,testaws8357
test1598,testaws8357
test1599,testaws8357
test1600,testaws8357
test1601,testaws8357
test1602,testaws8357
test1603,testaws8357
test1604,testaws8357
test1605,testaws8357
test1606,testaws8357
test1607,testaws8357
test1608,testaws8357
test1609,testaws8357
test1610,testaws8357
test1611,testaws8357
test1612,testaws8357
test1613,testaws8357
test1614,testaws8357
test1615,testaws8357
test1616,testaws8357
test1617,testaws8357
test1618,testaws8357
test1619,testaws8357
test1620,testaws8357
test1621,testaws8357
test1622,testaws8357
test1623,testaws8357
test1624,testaws8357
test1625,testaws8357
test1626,testaws8357
test1627,testaws8357
test1628,testaws8357
test1629,testaws8357
test1630,testaws8357
test1631,testaws8357
test1632,testaws8357
test1633,testaws8357
test1634,testaws8357
test1635,testaws8357
test1636,testaws8357
test1637,testaws8357
test1638,testaws8357
test1639,testaws8357
test1640,testaws8357
test1641,testaws8357
test1642,testaws8357
test1643,testaws8357
test1644,testaws8357
test1645,testaws8357
test1646,testaws8357
test1647,testaws8357
test1648,testaws8357
test1649,testaws8357
test1650,testaws8357
test1651,testaws8357
test1652,testaws8357
test1653,testaws8357
test1654,testaws8357
test1655,testaws8357
test1656,testaws8357
test1657,testaws8357
test1658,testaws8357
test1659,testaws8357
test1660,testaws8357
test1661,testaws8357
test1662,testaws8357
test1663,testaws8357
test1664,testaws8357
test1665,testaws8357
test1666,testaws8357
test1667,testaws8357
test1668,testaws8357
test1669,testaws8357
test1670,testaws8357
test1671,testaws8357
test1672,testaws8357
test1673,testaws8357
test1674,testaws8357
test1675,testaws8357
test1676,testaws8357
test1677,testaws8357
test1678,testaws8357
test1679,testaws8357
test1680,testaws8357
test1681,testaws8357
test1682,testaws8357
test1683,testaws8357
test1684,testaws8357
test1685,testaws8357
test1686,testaws8357
test1687,testaws8357
test1688,testaws8357
test1689,testaws8357
test1690,testaws8357
test1691,testaws8357
test1692,testaws8357
test1693,testaws8357
test1694,testaws8357
test1695,testaws8357
test1696,testaws8357
test1697,testaws8357
test1698,testaws8357
test1699,testaws8357
test1700,testaws8357
test1701,testaws8357
test1702,testaws8357
test1703,testaws8357
test1704,testaws8357
test1705,testaws8357
test1706,testaws8357
test1707,testaws8357
test1708,testaws8357
test1709,testaws8357
test1710,testaws8357
test1711,testaws8357
test1712,testaws8357
test1713,testaws8357
test1714,testaws8357
test1715,testaws8357
test1716,testaws8357
test1717,testaws8357
test1718,testaws8357
test1719,testaws8357
test1720,testaws8357
test1721,testaws8357
test1722,testaws8357
test1723,testaws8357
test1724,testaws8357
test1725,testaws8357
test1726,testaws8357
test1727,testaws8357
test1728,testaws8357
test1729,testaws8357
test1730,testaws8357
test1731,testaws8357
test1732,testaws8357
test1733,testaws8357
test1734,testaws8357
test1735,testaws8357
test1736,testaws8357
test1737,testaws8357
test1738,testaws8357
test1739,testaws8357
test1740,testaws8357
test1741,testaws8357
test1742,testaws8357
test1743,testaws8357
test1744,testaws8357
test1745,testaws8357
test1746,testaws8357
test1747,testaws8357
test1748,testaws8357
test1749,testaws8357
test1750,testaws8357
test1751,testaws8357
test1752,testaws8357
test1753,testaws8357
test1754,testaws8357
test1755,testaws8357
test1756,testaws8357
test1757,testaws8357
test1758,testaws8357
test1759,testaws8357
test1760,testaws8357
test1761,testaws8357
test1762,testaws8357
test1763,testaws8357
test1764,testaws8357
test1765,testaws8357
test1766,testaws8357
test1767,testaws8357
test1768,testaws8357
test1769,testaws8357
test1770,testaws8357
test1771,testaws8357
test1772,testaws8357
test1773,testaws8357
test1774,testaws8357
test1775,testaws8357
test1776,testaws8357
test1777,testaws8357
test1778,testaws8357
test1779,testaws8357
test1780,testaws8357
test1781,testaws8357
test1782,testaws8357
test1783,testaws8357
test1784,testaws8357
test1785,testaws8357
test1786,testaws8357
test1787,testaws8357
test1788,testaws8357
test1789,testaws8357
test1790,testaws8357
test1791,testaws8357
test1792,testaws8357
test1793,testaws8357
test1794,testaws8357
test1795,testaws8357
test1796,testaws8357
test1797,testaws8357
test1798,testaws8357
test1799,testaws8357
test1800,testaws8357
test1801,testaws8357
test1802,testaws8357
test1803,testaws8357
test1804,testaws8357
test1805,testaws8357
test1806,testaws8357
test1807,testaws8357
test1808,testaws8357
test1809,testaws8357
test1810,testaws8357
test1811,testaws8357
test1812,testaws8357
test1813,testaws8357
test1814,testaws8357
test1815,testaws8357
test1816,testaws8357
test1817,testaws8357
test1818,testaws8357
test1819,testaws8357
test1820,testaws8357
test1821,testaws8357
test1822,testaws8357
test1823,testaws8357
test1824,testaws8357
test1825,testaws8357
test1826,testaws8357
test1827,testaws8357
test1828,testaws8357
test1829,testaws8357
test1830,testaws8357
test1831,testaws8357
test1832,testaws8357
test1833,testaws8357
test1834,testaws8357
test1835,testaws8357
test1836,testaws8357
test1837,testaws8357
test1838,testaws8357
test1839,testaws8357
test1840,testaws8357
test1841,testaws8357
test1842,testaws8357
test1843,testaws8357
test1844,testaws8357
test1845,testaws8357
test1846,testaws8357
test1847,testaws8357
test1848,testaws8357
test1849,testaws8357
test1850,testaws8357
test1851,testaws8357
test1852,testaws8357
test1853,testaws8357
test1854,testaws8357
test1855,testaws8357
test1856,testaws8357
test1857,testaws8357
test1858,testaws8357
test1859,testaws8357
test1860,testaws8357
test1861,testaws8357
test1862,testaws8357
test1863,testaws8357
test1864,testaws8357
test1865,testaws8357
test1866,testaws8357
test1867,testaws8357
test1868,testaws8357
test1869,testaws8357
test1870,testaws8357
test1871,testaws8357
test1872,testaws8357
test1873,testaws8357
test1874,testaws8357
test1875,testaws8357
test1876,testaws8357
test1877,testaws8357
test1878,testaws8357
test1879,testaws8357
test1880,testaws8357
test1881,testaws8357
test1882,testaws8357
test1883,testaws8357
test1884,testaws8357
test1885,testaws8357
test1886,testaws8357
test1887,testaws8357
test1888,testaws8357
test1889,testaws8357
test1890,testaws8357
test1891,testaws8357
test1892,testaws8357
test1893,testaws8357
test1894,testaws8357
test1895,testaws8357
test1896,testaws8357
test1897,testaws8357
test1898,testaws8357
test1899,testaws8357
test1900,testaws8357
test1901,testaws8357
test1902,testaws8357
test1903,testaws8357
test1904,testaws8357
test1905,testaws8357
test1906,testaws8357
test1907,testaws8357
test1908,testaws8357
test1909,testaws8357
test1910,testaws8357
test1911,testaws8357
test1912,testaws8357
test1913,testaws8357
test1914,testaws8357
test1915,testaws8357
test1916,testaws8357
test1917,testaws8357
test1918,testaws8357
test1919,testaws8357
test1920,testaws8357
test1921,testaws8357
test1922,testaws8357
test1923,testaws8357
test1924,testaws8357
test1925,testaws8357
test1926,testaws8357
test1927,testaws8357
test1928,testaws8357
test1929,testaws8357
test1930,testaws8357
test1931,testaws8357
test1932,testaws8357
test1933,testaws8357
test1934,testaws8357
test1935,testaws8357
test1936,testaws8357
test1937,testaws8357
test1938,testaws8357
test1939,testaws8357
test1940,testaws8357
test1941,testaws8357
test1942,testaws8357
test1943,testaws8357
test1944,testaws8357
test1945,testaws8357
test1946,testaws8357
test1947,testaws8357
test1948,testaws8357
test1949,testaws8357
test1950,testaws8357
test1951,testaws8357
test1952,testaws8357
test1953,testaws8357
test1954,testaws8357
test1955,testaws8357
test1956,testaws8357
test1957,testaws8357
test1958,testaws8357
test1959,testaws8357
test1960,testaws8357
test1961,testaws8357
test1962,testaws8357
test1963,testaws8357
test1964,testaws8357
test1965,testaws8357
test1966,testaws8357
test1967,testaws8357
test1968,testaws8357
test1969,testaws8357
test1970,testaws8357
test1971,testaws8357
test1972,testaws8357
test1973,testaws8357
test1974,testaws8357
test1975,testaws8357
test1976,testaws8357
test1977,testaws8357
test1978,testaws8357
test1979,testaws8357
test1980,testaws8357
test1981,testaws8357
test1982,testaws8357
test1983,testaws8357
test1984,testaws8357
test1985,testaws8357
test1986,testaws8357
test1987,testaws8357
test1988,testaws8357
test1989,testaws8357
test1990,testaws8357
test1991,testaws8357
test1992,testaws8357
test1993,testaws8357
test1994,testaws8357
test1995,testaws8357
test1996,testaws8357
test1997,testaws8357
test1998,testaws8357
test1999,testaws8357
test2000,testaws8357
test2001,testaws8357
test2002,testaws8357
test2003,testaws8357
test2004,testaws8357
test2005,testaws8357
test2006,testaws8357
test2007,testaws8357
test2008,testaws8357
test2009,testaws8357
test2010,testaws8357
test2011,testaws8357
test2012,testaws8357
test2013,testaws8357
test2014,testaws8357
test2015,testaws8357
test2016,testaws8357
test2017,testaws8357
test2018,testaws8357
test2019,testaws8357
test2020,testaws8357
test2021,testaws8357
test2022,testaws8357
test2023,testaws8357
test2024,testaws8357
test2025,testaws8357
test2026,testaws8357
test2027,testaws8357
test2028,testaws8357
test2029,testaws8357
test2030,testaws8357
test2031,testaws8357
test2032,testaws8357
test2033,testaws8357
test2034,testaws8357
test2035,testaws8357
test2036,testaws8357
test2037,testaws8357
test2038,testaws8357
test2039,testaws8357
test2040,testaws8357
test2041,testaws8357
test2042,testaws8357
test2043,testaws8357
test2044,testaws8357
test2045,testaws8357
test2046,testaws8357
test2047,testaws8357
test2048,testaws8357
test2049,testaws8357
test2050,testaws8357
test2051,testaws8357
test2052,testaws8357
test2053,testaws8357
test2054,testaws8357
test2055,testaws8357
test2056,testaws8357
test2057,testaws8357
test2058,testaws8357
test2059,testaws8357
test2060,testaws8357
test2061,testaws8357
test2062,testaws8357
test2063,testaws8357
test2064,testaws8357
test2065,testaws8357
test2066,testaws8357
test2067,testaws8357
test2068,testaws8357
test2069,testaws8357
test2070,testaws8357
test2071,testaws8357
test2072,testaws8357
test2073,testaws8357
test2074,testaws8357
test2075,testaws8357
test2076,testaws8357
test2077,testaws8357
test2078,testaws8357
test2079,testaws8357
test2080,testaws8357
test2081,testaws8357
test2082,testaws8357
test2083,testaws8357
test2084,testaws8357
test2085,testaws8357
test2086,testaws8357
test2087,testaws8357
test2088,testaws8357
test2089,testaws8357
test2090,testaws8357
test2091,testaws8357
test2092,testaws8357
test2093,testaws8357
test2094,testaws8357
test2095,testaws8357
test2096,testaws8357
test2097,testaws8357
test2098,testaws8357
test2099,testaws8357
test2100,testaws8357
test2101,testaws8357
test2102,testaws8357
test2103,testaws8357
test2104,testaws8357
test2105,testaws8357
test2106,testaws8357
test2107,testaws8357
test2108,testaws8357
test2109,testaws8357
test2110,testaws8357
test2111,testaws8357
test2112,testaws8357
test2113,testaws8357
test2114,testaws8357
test2115,testaws8357
test2116,testaws8357
test2117,testaws8357
test2118,testaws8357
test2119,testaws8357
test2120,testaws8357
test2121,testaws8357
test2122,testaws8357
test2123,testaws8357
test2124,testaws8357
test2125,testaws8357
test2126,testaws8357
test2127,testaws8357
test2128,testaws8357
test2129,testaws8357
test2130,testaws8357
test2131,testaws8357
test2132,testaws8357
test2133,testaws8357
test2134,testaws8357
test2135,testaws8357
test2136,testaws8357
test2137,testaws8357
test2138,testaws8357
test2139,testaws8357
test2140,testaws8357
test2141,testaws8357
test2142,testaws8357
test2143,testaws8357
test2144,testaws8357
test2145,testaws8357
test2146,testaws8357
test2147,testaws8357
test2148,testaws8357
test2149,testaws8357
test2150,testaws8357
test2151,testaws8357
test2152,testaws8357
test2153,testaws8357
test2154,testaws8357
test2155,testaws8357
test2156,testaws8357
test2157,testaws8357
test2158,testaws8357
test2159,testaws8357
test2160,testaws8357
test2161,testaws8357
test2162,testaws8357
test2163,testaws8357
test2164,testaws8357
test2165,testaws8357
test2166,testaws8357
test2167,testaws8357
test2168,testaws8357
test2169,testaws8357
test2170,testaws8357
test2171,testaws8357
test2172,testaws8357
test2173,testaws8357
test2174,testaws8357
test2175,testaws8357
test2176,testaws8357
test2177,testaws8357
test2178,testaws8357
test2179,testaws8357
test2180,testaws8357
test2181,testaws8357
test2182,testaws8357
test2183,testaws8357
test2184,testaws8357
test2185,testaws8357
test2186,testaws8357
test2187,testaws8357
test2188,testaws8357
test2189,testaws8357
test2190,testaws8357
test2191,testaws8357
test2192,testaws8357
test2193,testaws8357
test2194,testaws8357
test2195,testaws8357
test2196,testaws8357
test2197,testaws8357
test2198,testaws8357
test2199,testaws8357
test2200,testaws8357
test2201,testaws8357
test2202,testaws8357
test2203,testaws8357
test2204,testaws8357
test2205,testaws8357
test2206,testaws8357
test2207,testaws8357
test2208,testaws8357
test2209,testaws8357
test2210,testaws8357
test2211,testaws8357
test2212,testaws8357
test2213,testaws8357
test2214,testaws8357
test2215,testaws8357
test2216,testaws8357
test2217,testaws8357
test2218,testaws8357
test2219,testaws8357
test2220,testaws8357
test2221,testaws8357
test2222,testaws8357
test2223,testaws8357
test2224,testaws8357
test2225,testaws8357
test2226,testaws8357
test2227,testaws8357
test2228,testaws8357
test2229,testaws8357
test2230,testaws8357
test2231,testaws8357
test2232,testaws8357
test2233,testaws8357
test2234,testaws8357
test2235,testaws8357
test2236,testaws8357
test2237,testaws8357
test2238,testaws8357
test2239,testaws8357
test2240,testaws8357
test2241,testaws8357
test2242,testaws8357
test2243,testaws8357
test2244,testaws8357
test2245,testaws8357
test2246,testaws8357
test2247,testaws8357
test2248,testaws8357
test2249,testaws8357
test2250,testaws8357
test2251,testaws8357
test2252,testaws8357
test2253,testaws8357
test2254,testaws8357
test2255,testaws8357
test2256,testaws8357
test2257,testaws8357
test2258,testaws8357
test2259,testaws8357
test2260,testaws8357
test2261,testaws8357
test2262,testaws8357
test2263,testaws8357
test2264,testaws8357
test2265,testaws8357
test2266,testaws8357
test2267,testaws8357
test2268,testaws8357
test2269,testaws8357
test2270,testaws8357
test2271,testaws8357
test2272,testaws8357
test2273,testaws8357
test2274,testaws8357
test2275,testaws8357
test2276,testaws8357
test2277,testaws8357
test2278,testaws8357
test2279,testaws8357
test2280,testaws8357
test2281,testaws8357
test2282,testaws8357
test2283,testaws8357
test2284,testaws8357
test2285,testaws8357
test2286,testaws8357
test2287,testaws8357
test2288,testaws8357
test2289,testaws8357
test2290,testaws8357
test2291,testaws8357
test2292,testaws8357
test2293,testaws8357
test2294,testaws8357
test2295,testaws8357
test2296,testaws8357
test2297,testaws8357
test2298,testaws8357
test2299,testaws8357
test2300,testaws8357
test2301,testaws8357
test2302,testaws8357
test2303,testaws8357
test2304,testaws8357
test2305,testaws8357
test2306,testaws8357
test2307,testaws8357
test2308,testaws8357
test2309,testaws8357
test2310,testaws8357
test2311,testaws8357
test2312,testaws8357
test2313,testaws8357
test2314,testaws8357
test2315,testaws8357
test2316,testaws8357
test2317,testaws8357
test2318,testaws8357
test2319,testaws8357
test2320,testaws8357
test2321,testaws8357
test2322,testaws8357
test2323,testaws8357
test2324,testaws8357
test2325,testaws8357
test2326,testaws8357
test2327,testaws8357
test2328,testaws8357
test2329,testaws8357
test2330,testaws8357
test2331,testaws8357
test2332,testaws8357
test2333,testaws8357
test2334,testaws8357
test2335,testaws8357
test2336,testaws8357
test2337,testaws8357
test2338,testaws8357
test2339,testaws8357
test2340,testaws8357
test2341,testaws8357
test2342,testaws8357
test2343,testaws8357
test2344,testaws8357
test2345,testaws8357
test2346,testaws8357
test2347,testaws8357
test2348,testaws8357
test2349,testaws8357
test2350,testaws8357
test2351,testaws8357
test2352,testaws8357
test2353,testaws8357
test2354,testaws8357
test2355,testaws8357
test2356,testaws8357
test2357,testaws8357
test2358,testaws8357
test2359,testaws8357
test2360,testaws8357
test2361,testaws8357
test2362,testaws8357
test2363,testaws8357
test2364,testaws8357
test2365,testaws8357
test2366,testaws8357
test2367,testaws8357
test2368,testaws8357
test2369,testaws8357
test2370,testaws8357
test2371,testaws8357
test2372,testaws8357
test2373,testaws8357
test2374,testaws8357
test2375,testaws8357
test2376,testaws8357
test2377,testaws8357
test2378,testaws8357
test2379,testaws8357
test2380,testaws8357
test2381,testaws8357
test2382,testaws8357
test2383,testaws8357
test2384,testaws8357
test2385,testaws8357
test2386,testaws8357
test2387,testaws8357
test2388,testaws8357
test2389,testaws8357
test2390,testaws8357
test2391,testaws8357
test2392,testaws8357
test2393,testaws8357
test2394,testaws8357
test2395,testaws8357
test2396,testaws8357
test2397,testaws8357
test2398,testaws8357
test2399,testaws8357
test2400,testaws8357
test2401,testaws8357
test2402,testaws8357
test2403,testaws8357
test2404,testaws8357
test2405,testaws8357
test2406,testaws8357
test2407,testaws8357
test2408,testaws8357
test2409,testaws8357
test2410,testaws8357
test2411,testaws8357
test2412,testaws8357
test2413,testaws8357
test2414,testaws8357
test2415,testaws8357
test2416,testaws8357
test2417,testaws8357
test2418,testaws8357
test2419,testaws8357
test2420,testaws8357
test2421,testaws8357
test2422,testaws8357
test2423,testaws8357
test2424,testaws8357
test2425,testaws8357
test2426,testaws8357
test2427,testaws8357
test2428,testaws8357
test2429,testaws8357
test2430,testaws8357
test2431,testaws8357
test2432,testaws8357
test2433,testaws8357
test2434,testaws8357
test2435,testaws8357
test2436,testaws8357
test2437,testaws8357
test2438,testaws8357
test2439,testaws8357
test2440,testaws8357
test2441,testaws8357
test2442,testaws8357
test2443,testaws8357
test2444,testaws8357
test2445,testaws8357
test2446,testaws8357
test2447,testaws8357
test2448,testaws8357
test2449,testaws8357
test2450,testaws8357
test2451,testaws8357
test2452,testaws8357
test2453,testaws8357
test2454,testaws8357
test2455,testaws8357
test2456,testaws8357
test2457,testaws8357
test2458,testaws8357
test2459,testaws8357
test2460,testaws8357
test2461,testaws8357
test2462,testaws8357
test2463,testaws8357
test2464,testaws8357
test2465,testaws8357
test2466,testaws8357
test2467,testaws8357
test2468,testaws8357
test2469,testaws8357
test2470,testaws8357
test2471,testaws8357
test2472,testaws8357
test2473,testaws8357
test2474,testaws8357
test2475,testaws8357
test2476,testaws8357
test2477,testaws8357
test2478,testaws8357
test2479,testaws8357
test2480,testaws8357
test2481,testaws8357
test2482,testaws8357
test2483,testaws8357
test2484,testaws8357
test2485,testaws8357
test2486,testaws8357
test2487,testaws8357
test2488,testaws8357
test2489,testaws8357
test2490,testaws8357
test2491,testaws8357
test2492,testaws8357
test2493,testaws8357
test2494,testaws8357
test2495,testaws8357
test2496,testaws8357
test2497,testaws8357
test2498,testaws8357
test2499,testaws8357
test2500,testaws8357
test2501,testaws8357
test2502,testaws8357
test2503,testaws8357
test2504,testaws8357
test2505,testaws8357
test2506,testaws8357
test2507,testaws8357
test2508,testaws8357
test2509,testaws8357
test2510,testaws8357
test2511,testaws8357
test2512,testaws8357
test2513,testaws8357
test2514,testaws8357
test2515,testaws8357
test2516,testaws8357
test2517,testaws8357
test2518,testaws8357
test2519,testaws8357
test2520,testaws8357
test2521,testaws8357
test2522,testaws8357
test2523,testaws8357
test2524,testaws8357
test2525,testaws8357
test2526,testaws8357
test2527,testaws8357
test2528,testaws8357
test2529,testaws8357
test2530,testaws8357
test2531,testaws8357
test2532,testaws8357
test2533,testaws8357
test2534,testaws8357
test2535,testaws8357
test2536,testaws8357
test2537,testaws8357
test2538,testaws8357
test2539,testaws8357
test2540,testaws8357
test2541,testaws8357
test2542,testaws8357
test2543,testaws8357
test2544,testaws8357
test2545,testaws8357
test2546,testaws8357
test2547,testaws8357
test2548,testaws8357
test2549,testaws8357
test2550,testaws8357
test2551,testaws8357
test2552,testaws8357
test2553,testaws8357
test2554,testaws8357
test2555,testaws8357
test2556,testaws8357
test2557,testaws8357
test2558,testaws8357
test2559,testaws8357
test2560,testaws8357
test2561,testaws8357
test2562,testaws8357
test2563,testaws8357
test2564,testaws8357
test2565,testaws8357
test2566,testaws8357
test2567,testaws8357
test2568,testaws8357
test2569,testaws8357
test2570,testaws8357
test2571,testaws8357
test2572,testaws8357
test2573,testaws8357
test2574,testaws8357
test2575,testaws8357
test2576,testaws8357
test2577,testaws8357
test2578,testaws8357
test2579,testaws8357
test2580,testaws8357
test2581,testaws8357
test2582,testaws8357
test2583,testaws8357
test2584,testaws8357
test2585,testaws8357
test2586,testaws8357
test2587,testaws8357
test2588,testaws8357
test2589,testaws8357
test2590,testaws8357
test2591,testaws8357
test2592,testaws8357
test2593,testaws8357
test2594,testaws8357
test2595,testaws8357
test2596,testaws8357
test2597,testaws8357
test2598,testaws8357
test2599,testaws8357
test2600,testaws8357
test2601,testaws8357
test2602,testaws8357
test2603,testaws8357
test2604,testaws8357
test2605,testaws8357
test2606,testaws8357
test2607,testaws8357
test2608,testaws8357
test2609,testaws8357
test2610,testaws8357
test2611,testaws8357
test2612,testaws8357
test2613,testaws8357
test2614,testaws8357
test2615,testaws8357
test2616,testaws8357
test2617,testaws8357
test2618,testaws8357
test2619,testaws8357
test2620,testaws8357
test2621,testaws8357
test2622,testaws8357
test2623,testaws8357
test2624,testaws8357
test2625,testaws8357
test2626,testaws8357
test2627,testaws8357
test2628,testaws8357
test2629,testaws8357
test2630,testaws8357
test2631,testaws8357
test2632,testaws8357
test2633,testaws8357
test2634,testaws8357
test2635,testaws8357
test2636,testaws8357
test2637,testaws8357
test2638,testaws8357
test2639,testaws8357
test2640,testaws8357
test2641,testaws8357
test2642,testaws8357
test2643,testaws8357
test2644,testaws8357
test2645,testaws8357
test2646,testaws8357
test2647,testaws8357
test2648,testaws8357
test2649,testaws8357
test2650,testaws8357
test2651,testaws8357
test2652,testaws8357
test2653,testaws8357
test2654,testaws8357
test2655,testaws8357
test2656,testaws8357
test2657,testaws8357
test2658,testaws8357
test2659,testaws8357
test2660,testaws8357
test2661,testaws8357
test2662,testaws8357
test2663,testaws8357
test2664,testaws8357
test2665,testaws8357
test2666,testaws8357
test2667,testaws8357
test2668,testaws8357
test2669,testaws8357
test2670,testaws8357
test2671,testaws8357
test2672,testaws8357
test2673,testaws8357
test2674,testaws8357
test2675,testaws8357
test2676,testaws8357
test2677,testaws8357
test2678,testaws8357
test2679,testaws8357
test2680,testaws8357
test2681,testaws8357
test2682,testaws8357
test2683,testaws8357
test2684,testaws8357
test2685,testaws8357
test2686,testaws8357
test2687,testaws8357
test2688,testaws8357
test2689,testaws8357
test2690,testaws8357
test2691,testaws8357
test2692,testaws8357
test2693,testaws8357
test2694,testaws8357
test2695,testaws8357
test2696,testaws8357
test2697,testaws8357
test2698,testaws8357
test2699,testaws8357
test2700,testaws8357
test2701,testaws8357
test2702,testaws8357
test2703,testaws8357
test2704,testaws8357
test2705,testaws8357
test2706,testaws8357
test2707,testaws8357
test2708,testaws8357
test2709,testaws8357
test2710,testaws8357
test2711,testaws8357
test2712,testaws8357
test2713,testaws8357
test2714,testaws8357
test2715,testaws8357
test2716,testaws8357
test2717,testaws8357
test2718,testaws8357
test2719,testaws8357
test2720,testaws8357
test2721,testaws8357
test2722,testaws8357
test2723,testaws8357
test2724,testaws8357
test2725,testaws8357
test2726,testaws8357
test2727,testaws8357
test2728,testaws8357
test2729,testaws8357
test2730,testaws8357
test2731,testaws8357
test2732,testaws8357
test2733,testaws8357
test2734,testaws8357
test2735,testaws8357
test2736,testaws8357
test2737,testaws8357
test2738,testaws8357
test2739,testaws8357
test2740,testaws8357
test2741,testaws8357
test2742,testaws8357
test2743,testaws8357
test2744,testaws8357
test2745,testaws8357
test2746,testaws8357
test2747,testaws8357
test2748,testaws8357
test2749,testaws8357
test2750,testaws8357
test2751,testaws8357
test2752,testaws8357
test2753,testaws8357
test2754,testaws8357
test2755,testaws8357
test2756,testaws8357
test2757,testaws8357
test2758,testaws8357
test2759,testaws8357
test2760,testaws8357
test2761,testaws8357
test2762,testaws8357
test2763,testaws8357
test2764,testaws8357
test2765,testaws8357
test2766,testaws8357
test2767,testaws8357
test2768,testaws8357
test2769,testaws8357
test2770,testaws8357
test2771,testaws8357
test2772,testaws8357
test2773,testaws8357
test2774,testaws8357
test2775,testaws8357
test2776,testaws8357
test2777,testaws8357
test2778,testaws8357
test2779,testaws8357
test2780,testaws8357
test2781,testaws8357
test2782,testaws8357
test2783,testaws8357
test2784,testaws8357
test2785,testaws8357
test2786,testaws8357
test2787,testaws8357
test2788,testaws8357
test2789,testaws8357
test2790,testaws8357
test2791,testaws8357
test2792,testaws8357
test2793,testaws8357
test2794,testaws8357
test2795,testaws8357
test2796,testaws8357
test2797,testaws8357
test2798,testaws8357
test2799,testaws8357
test2800,testaws8357
test2801,testaws8357
test2802,testaws8357
test2803,testaws8357
test2804,testaws8357
test2805,testaws8357
test2806,testaws8357
test2807,testaws8357
test2808,testaws8357
test2809,testaws8357
test2810,testaws8357
test2811,testaws8357
test2812,testaws8357
test2813,testaws8357
test2814,testaws8357
test2815,testaws8357
test2816,testaws8357
test2817,testaws8357
test2818,testaws8357
test2819,testaws8357
test2820,testaws8357
test2821,testaws8357
test2822,testaws8357
test2823,testaws8357
test2824,testaws8357
test2825,testaws8357
test2826,testaws8357
test2827,testaws8357
test2828,testaws8357
test2829,testaws8357
test2830,testaws8357
test2831,testaws8357
test2832,testaws8357
test2833,testaws8357
test2834,testaws8357
test2835,testaws8357
test2836,testaws8357
test2837,testaws8357
test2838,testaws8357
test2839,testaws8357
test2840,testaws8357
test2841,testaws8357
test2842,testaws8357
test2843,testaws8357
test2844,testaws8357
test2845,testaws8357
test2846,testaws8357
test2847,testaws8357
test2848,testaws8357
test2849,testaws8357
test2850,testaws8357
test2851,testaws8357
test2852,testaws8357
test2853,testaws8357
test2854,testaws8357
test2855,testaws8357
test2856,testaws8357
test2857,testaws8357
test2858,testaws8357
test2859,testaws8357
test2860,testaws8357
test2861,testaws8357
test2862,testaws8357
test2863,testaws8357
test2864,testaws8357
test2865,testaws8357
test2866,testaws8357
test2867,testaws8357
test2868,testaws8357
test2869,testaws8357
test2870,testaws8357
test2871,testaws8357
test2872,testaws8357
test2873,testaws8357
test2874,testaws8357
test2875,testaws8357
test2876,testaws8357
test2877,testaws8357
test2878,testaws8357
test2879,testaws8357
test2880,testaws8357
test2881,testaws8357
test2882,testaws8357
test2883,testaws8357
test2884,testaws8357
test2885,testaws8357
test2886,testaws8357
test2887,testaws8357
test2888,testaws8357
test2889,testaws8357
test2890,testaws8357
test2891,testaws8357
test2892,testaws8357
test2893,testaws8357
test2894,testaws8357
test2895,testaws8357
test2896,testaws8357
test2897,testaws8357
test2898,testaws8357
test2899,testaws8357
test2900,testaws8357
test2901,testaws8357
test2902,testaws8357
test2903,testaws8357
test2904,testaws8357
test2905,testaws8357
test2906,testaws8357
test2907,testaws8357
test2908,testaws8357
test2909,testaws8357
test2910,testaws8357
test2911,testaws8357
test2912,testaws8357
test2913,testaws8357
test2914,testaws8357
test2915,testaws8357
test2916,testaws8357
test2917,testaws8357
test2918,testaws8357
test2919,testaws8357
test2920,testaws8357
test2921,testaws8357
test2922,testaws8357
test2923,testaws8357
test2924,testaws8357
test2925,testaws8357
test2926,testaws8357
test2927,testaws8357
test2928,testaws8357
test2929,testaws8357
test2930,testaws8357
test2931,testaws8357
test2932,testaws8357
test2933,testaws8357
test2934,testaws8357
test2935,testaws8357
test2936,testaws8357
test2937,testaws8357
test2938,testaws8357
test2939,testaws8357
test2940,testaws8357
test2941,testaws8357
test2942,testaws8357
test2943,testaws8357
test2944,testaws8357
test2945,testaws8357
test2946,testaws8357
test2947,testaws8357
test2948,testaws8357
test2949,testaws8357
test2950,testaws8357
test2951,testaws8357
test2952,testaws8357
test2953,testaws8357
test2954,testaws8357
test2955,testaws8357
test2956,testaws8357
test2957,testaws8357
test2958,testaws8357
test2959,testaws8357
test2960,testaws8357
test2961,testaws8357
test2962,testaws8357
test2963,testaws8357
test2964,testaws8357
test2965,testaws8357
test2966,testaws8357
test2967,testaws8357
test2968,testaws8357
test2969,testaws8357
test2970,testaws8357
test2971,testaws8357
test2972,testaws8357
test2973,testaws8357
test2974,testaws8357
test2975,testaws8357
test2976,testaws8357
test2977,testaws8357
test2978,testaws8357
test2979,testaws8357
test2980,testaws8357
test2981,testaws8357
test2982,testaws8357
test2983,testaws8357
test2984,testaws8357
test2985,testaws8357
test2986,testaws8357
test2987,testaws8357
test2988,testaws8357
test2989,testaws8357
test2990,testaws8357
test2991,testaws8357
test2992,testaws8357
test2993,testaws8357
test2994,testaws8357
test2995,testaws8357
test2996,testaws8357
test2997,testaws8357
test2998,testaws8357
test2999,testaws8357
test3000,testaws8357
